id,drugs
0,A + D Cracked Skin Relief
1,A / B Otic
2,Abacavir / dolutegravir / lamivudine
3,Abacavir / lamivudine / zidovudine
4,Abatacept
5,Abilify
6,Abilify Discmelt
7,Abilify Maintena
8,Abiraterone
9,AbobotulinumtoxinA
10,Abraxane
11,Abreva
12,Absorbine Jr.
13,Absorica
14,Acamprosate
15,Acanya
16,Accolate
17,Accutane
18,Acebutolol
19,Acetaminophen
20,Acetaminophen / aspirin
21,Acetaminophen / aspirin / caffeine
22,Acetaminophen / aspirin / caffeine / salicylamide
23,Acetaminophen / butalbital
24,Acetaminophen / butalbital / caffeine
25,Acetaminophen / butalbital / caffeine / codeine
26,Acetaminophen / caffeine
27,Acetaminophen / caffeine / dihydrocodeine
28,Acetaminophen / caffeine / isometheptene mucate
29,Acetaminophen / caffeine / magnesium salicylate
30,Acetaminophen / chlorpheniramine
31,Acetaminophen / chlorpheniramine / phenylephrine
32,Acetaminophen / codeine
33,Acetaminophen / dexbrompheniramine / pseudoephedrine
34,Acetaminophen / dextromethorphan / doxylamine / pseudoephedrine
35,Acetaminophen / dextromethorphan / phenylephrine
36,Acetaminophen / dichloralphenazone / isometheptene mucate
37,Acetaminophen / diphenhydramine
38,Acetaminophen / diphenhydramine / phenylephrine
39,Acetaminophen / hydrocodone
40,Acetaminophen / oxycodone
41,Acetaminophen / pamabrom
42,Acetaminophen / pamabrom / pyrilamine
43,Acetaminophen / pentazocine
44,Acetaminophen / phenylephrine
45,Acetaminophen / phenyltoloxamine
46,Acetaminophen / propoxyphene
47,Acetaminophen / pseudoephedrine
48,Acetaminophen / tramadol
49,Acetazolamide
50,Acetic acid / antipyrine / benzocaine / polycosanol
51,Acetohydroxamic acid
52,Acetylcysteine
53,Acidophilus
54,Aciphex
55,Acitretin
56,Aclidinium
57,Acrivastine / pseudoephedrine
58,Actemra
59,Acthar
60,Acticlate
61,Actifed
62,Actiq
63,Activella
64,ActoPlus Met
65,Actonel
66,Actos
67,Acyclovir
68,Acyclovir / hydrocortisone
69,Aczone
70,Adalimumab
71,Adapalene
72,Adapalene / benzoyl peroxide
73,Adcirca
74,Adderall
75,Adderall XR
76,Addyi
77,Adenosine
78,Adipex-P
79,Adoxa
80,Adriamycin
81,Advair Diskus
82,Advair HFA
83,Advate
84,Advil
85,Advil Cold and Sinus
86,Advil Cold and Sinus Liqui-Gels
87,Advil Liqui-Gels
88,Advil Migraine
89,Advil PM
90,Adzenys XR-ODT
91,Afatinib
92,Afinitor
93,Aflibercept
94,Afrezza
95,Afrin
96,Afrin 4 Hour Extra Moisturizing
97,Afrin Original
98,Afrin Sinus
99,Aftera
100,Aggrenox
101,AirDuo Respiclick
102,Ala-Quin
103,Alamast
104,Alavert
105,Albendazole
106,Albiglutide
107,Albuterol
108,Albuterol / ipratropium
109,Alcaftadine
110,Alclometasone
111,Alcortin A
112,Aldactazide
113,Aldactone
114,Aldara
115,Alefacept
116,Alemtuzumab
117,Alendronate
118,Alesse
119,Aleve
120,Aleve-D Sinus & Cold
121,Alfuzosin
122,Alimta
123,Alirocumab
124,Aliskiren
125,Aliskiren / hydrochlorothiazide
126,Alka-Seltzer Cold and Sinus
127,Alka-Seltzer Plus Cold
128,Alka-Seltzer Plus Cold Formula Sparkling Original Effervescent Tablets
129,All Day Allergy
130,Allantoin / camphor / phenol
131,Allegra
132,Allegra ODT
133,Allegra-D 12 Hour
134,Allegra-D 24 Hour
135,Allerx Dose Pack DF
136,Alli
137,Allopurinol
138,Almotriptan
139,Alocril
140,Aloe vera
141,Aloe vera / hydrocortisone / iodoquinol
142,Alogliptin
143,Aloprim
144,Alosetron
145,Aloxi
146,Alpha 1-proteinase inhibitor
147,Alphagan P
148,Alphanine SD
149,Alprazolam
150,Alprazolam Intensol
151,Alprostadil
152,Alrex
153,Alsuma
154,Altabax
155,Altace
156,Altavera
157,Altoprev
158,Aluminum chloride hexahydrate
159,Aluminum hydroxide / magnesium hydroxide / simethicone
160,Aluminum hydroxide / magnesium trisilicate
161,Alupent
162,Alvesco
163,Alyacen 1 / 35
164,AmLactin
165,Amantadine
166,Amaryl
167,Ambien
168,Ambien CR
169,Ambrisentan
170,Amerge
171,Amethia
172,Amevive
173,Amikacin
174,Amino acids
175,Amiodarone
176,Amitiza
177,Amitriptyline
178,Amitriptyline / chlordiazepoxide
179,Amitriptyline / perphenazine
180,Amlodipine
181,Amlodipine / atorvastatin
182,Amlodipine / benazepril
183,Amlodipine / hydrochlorothiazide / olmesartan
184,Amlodipine / hydrochlorothiazide / valsartan
185,Amlodipine / olmesartan
186,Amlodipine / telmisartan
187,Amlodipine / valsartan
188,Ammonium lactate
189,Amnesteem
190,Amoxapine
191,Amoxicillin
192,Amoxicillin / clarithromycin / lansoprazole
193,Amoxicillin / clavulanate
194,Amoxil
195,Amphetamine
196,Amphetamine / dextroamphetamine
197,Ampicillin
198,Ampicillin / sulbactam
199,Ampyra
200,Amrix
201,Anafranil
202,Anakinra
203,Analpram-HC
204,Anaprox
205,Anaprox-DS
206,Anastrozole
207,AndroGel
208,Androderm
209,Anexsia
210,Angeliq
211,Anoro Ellipta
212,Ansaid
213,Antabuse
214,Antihemophilic factor
215,Antihemophilic factor / von willebrand factor
216,Antipyrine / benzocaine
217,Antivert
218,Apixaban
219,Aplenzin
220,Apokyn
221,Apomorphine
222,Apremilast
223,Aprepitant
224,Apri
225,Apriso
226,Aptensio XR
227,Aptiom
228,Aranesp
229,Arava
230,Arcalyst
231,Arformoterol
232,Arginine
233,Aricept
234,Aricept ODT
235,Arimidex
236,Aripiprazole
237,Aristocort
238,Arixtra
239,Armodafinil
240,Armour Thyroid
241,Arnuity Ellipta
242,Aromasin
243,Arsenic trioxide
244,Artane
245,Artemether / lumefantrine
246,Arthrotec
247,Asacol
248,Asacol HD
249,Ascomp with Codeine
250,Ascorbic acid
251,Asenapine
252,Asendin
253,Ashlyna
254,Asmanex Twisthaler
255,Aspirin
256,Aspirin / butalbital / caffeine
257,Aspirin / butalbital / caffeine / codeine
258,Aspirin / caffeine
259,Aspirin / caffeine / orphenadrine
260,Aspirin / caffeine / salicylamide
261,Aspirin / carisoprodol
262,Aspirin / carisoprodol / codeine
263,Aspirin / chlorpheniramine / phenylephrine
264,Aspirin / diphenhydramine
265,Aspirin / dipyridamole
266,Astelin
267,Astepro
268,Asthmanefrin
269,Atacand
270,Atarax
271,Atazanavir
272,Atenolol
273,Atenolol / chlorthalidone
274,Ativan
275,Atomoxetine
276,Atorvastatin
277,Atovaquone / proguanil
278,Atralin
279,Atripla
280,Atropine / difenoxin
281,Atropine / diphenoxylate
282,Atropine / hyoscyamine / phenobarbital / scopolamine
283,Atrovent
284,Atrovent HFA
285,Atrovent Nasal
286,Attapulgite
287,Aubagio
288,Aubra
289,Augmentin
290,Augmentin XR
291,Auranofin
292,Auryxia
293,Avalide
294,Avanafil
295,Avandamet
296,Avandia
297,Avapro
298,Avar
299,Avar LS Cleanser
300,Avastin
301,Aveed
302,Aveeno
303,Avelox
304,Aviane
305,Avinza
306,Avita
307,Avodart
308,Avonex
309,Avonex Pen
310,Axert
311,Axid
312,Axid AR
313,Axiron
314,Aygestin
315,Ayr Saline Nasal
316,Azacitidine
317,Azasan
318,Azasite
319,Azathioprine
320,Azelaic acid
321,Azelastine
322,Azelastine / fluticasone
323,Azelex
324,Azilect
325,Azilsartan medoxomil
326,Azilsartan medoxomil / chlorthalidone
327,Azithromycin
328,Azithromycin Dose Pack
329,Azmacort
330,Azo Urinary Pain Relief
331,Azo-Cranberry
332,Azo-Standard
333,Azor
334,Azurette
335,B3-500-Gr
336,BC Fast Pain Relief
337,BP Wash
338,Bacitracin / neomycin / polymyxin b
339,Bacitracin / neomycin / polymyxin b / pramoxine
340,Bacitracin / polymyxin b
341,Baclofen
342,Bactrim
343,Bactrim DS
344,Bactroban
345,Bag Balm
346,Balsalazide
347,Balsam peru / castor oil / trypsin
348,Balziva
349,Banzel
350,Barium sulfate
351,Basaglar
352,Bayer Aspirin
353,Bayer Children's Aspirin
354,Bazedoxifene / conjugated estrogens
355,Beclomethasone
356,Beconase AQ
357,Bee pollen
358,Belbuca
359,Belimumab
360,Belladonna / opium
361,Belsomra
362,Belviq
363,Belviq XR
364,Benadryl
365,Benadryl Allergy
366,Benadryl Allergy Sinus
367,Benazepril
368,Bendamustine
369,Bendroflumethiazide / nadolol
370,Benemid
371,Benicar
372,Benicar HCT
373,Benlysta
374,Bensal HP
375,Bentyl
376,BenzEFoam
377,Benzaclin
378,Benzalkonium chloride / lidocaine
379,Benzamycin
380,Benzocaine
381,Benzoic acid / salicylic acid
382,Benzonatate
383,Benzoyl peroxide
384,Benzoyl peroxide / clindamycin
385,Benzoyl peroxide / erythromycin
386,Benzoyl peroxide / hydrocortisone
387,Benzoyl peroxide / salicylic acid
388,Benzoyl peroxide / sulfur
389,Benzphetamine
390,Benztropine
391,Benzyl alcohol
392,Bepotastine
393,Bepreve
394,Besifloxacin
395,Besivance
396,Betamethasone
397,Betamethasone / calcipotriene
398,Betaseron
399,Bethanechol
400,Bevacizumab
401,Bexarotene
402,Bextra
403,Beyaz
404,BiDil
405,Biafine
406,Biaxin
407,Biaxin XL
408,Bicalutamide
409,Bicillin L-A
410,Bifidobacterium infantis / lactobacillus acidophilus
411,Bimatoprost
412,Bioflavonoids
413,Biotene Mouthwash
414,Biotin
415,Bisacodyl
416,Bismuth subcitrate potassium / metronidazole / tetracycline
417,Bismuth subsalicylate
418,Bisoprolol
419,Bisoprolol / hydrochlorothiazide
420,Bivalirudin
421,Blephamide
422,Blisovi 24 Fe
423,Blisovi Fe 1 / 20
424,Blisovi Fe 1.5 / 30
425,Blistex
426,Boceprevir
427,Bonine
428,Boniva
429,Bontril PDM
430,Bontril Slow Release
431,Bortezomib
432,Bosentan
433,Bosulif
434,Botox
435,Botox Cosmetic
436,Botulinum toxin type b
437,Boudreaux Butt Paste
438,Breo Ellipta
439,Brethine
440,Brexpiprazole
441,Brilinta
442,Brimonidine
443,Brimonidine / brinzolamide
444,Brimonidine / timolol
445,Brisdelle
446,Brivaracetam
447,Brodalumab
448,Bromfed DM
449,Bromfenac
450,Bromocriptine
451,Brompheniramine
452,Brompheniramine / codeine / phenylephrine
453,Brompheniramine / dextromethorphan / pseudoephedrine
454,Brompheniramine / pseudoephedrine
455,Bronkaid
456,Brovana
457,BuSpar
458,Buckleys Mixture
459,Budeprion SR
460,Budeprion XL
461,Budesonide
462,Budesonide / formoterol
463,Bumetanide
464,Bumex
465,Bunavail
466,Bupap
467,Bupivacaine
468,Bupivacaine liposome
469,Buprenex
470,Buprenorphine
471,Buprenorphine / naloxone
472,Buproban
473,Bupropion
474,Bupropion / naltrexone
475,Buspirone
476,Busulfan
477,Butabarbital
478,Butalbital Compound
479,Butisol Sodium
480,Butoconazole
481,Butorphanol
482,Butrans
483,Bydureon
484,Byetta
485,Bystolic
486,C1 esterase inhibitor (human)
487,Cabergoline
488,Caduet
489,Cafergot
490,Caffeine
491,Caffeine / ergotamine
492,Calamine
493,Calan
494,Calan SR
495,Calcifediol
496,Calcipotriene
497,Calcitonin
498,Calcitriol
499,Calcium / vitamin d
500,Calcium acetate
501,Calcium carbonate
502,Calcium carbonate / simethicone
503,Calmoseptine
504,CaloMist
505,Cambia
506,Camila
507,Camphor / menthol
508,Campral
509,Camrese
510,CamreseLo
511,Canagliflozin
512,Canasa
513,Candesartan
514,Capecitabine
515,Capex
516,Capmist DM
517,Capsaicin
518,Captopril
519,Capzasin-HP
520,Carac
521,Carafate
522,Carbamazepine
523,Carbatrol
524,Carbidopa / entacapone / levodopa
525,Carbidopa / levodopa
526,Carbinoxamine
527,Carboplatin
528,Cardizem
529,Cardizem CD
530,Cardizem LA
531,Cardura
532,Cardura XL
533,Cariprazine
534,Carisoprodol
535,Carmol 20
536,Cartia XT
537,Carvedilol
538,Casodex
539,Cataflam
540,Catapres
541,Catapres-TTS
542,Caverject
543,Caverject Impulse
544,Caziant
545,Cedax
546,Cefdinir
547,Cefditoren
548,Cefixime
549,Cefotaxime
550,Cefpodoxime
551,Cefprozil
552,Ceftibuten
553,Ceftin
554,Ceftriaxone
555,Cefuroxime
556,Cefzil
557,Celebrex
558,Celecoxib
559,Celexa
560,CellCept
561,Cenestin
562,Cepacol Dual Relief Sore Throat
563,Cephalexin
564,Cerefolin NAC
565,Cerezyme
566,Certolizumab
567,Cervidil
568,Cesamet
569,Cetirizine
570,Cetirizine / pseudoephedrine
571,Cetuximab
572,Cevimeline
573,Chantix
574,Chaparral
575,Chateal
576,Cheratussin AC
577,Children's Claritin Allergy
578,Children's Motrin
579,Chlophedianol / guaifenesin / pseudoephedrine
580,Chlor-Trimeton
581,Chloral hydrate
582,Chlorambucil
583,Chloramphenicol
584,Chloraseptic Sore Throat Spray
585,Chlorcyclizine / phenylephrine
586,Chlordiazepoxide
587,Chlordiazepoxide / clidinium
588,Chlorhexidine
589,Chlorothiazide
590,Chlorpheniramine
591,Chlorpheniramine / dextromethorphan
592,Chlorpheniramine / dextromethorphan / phenylephrine
593,Chlorpheniramine / dextromethorphan / pseudoephedrine
594,Chlorpheniramine / hydrocodone
595,Chlorpheniramine / hydrocodone / phenylephrine
596,Chlorpheniramine / hydrocodone / pseudoephedrine
597,Chlorpheniramine / methscopolamine / phenylephrine
598,Chlorpheniramine / methscopolamine / pseudoephedrine
599,Chlorpheniramine / phenylephrine
600,Chlorpheniramine / pseudoephedrine
601,Chlorpromazine
602,Chlorthalidone
603,Chlorzoxazone
604,Cholecalciferol
605,Cholestyramine
606,Cholestyramine Light
607,Chondroitin / glucosamine
608,Chondroitin / glucosamine / methylsulfonylmethane
609,Chorionic gonadotropin (hcg)
610,Chromium picolinate
611,Cialis
612,Ciclesonide
613,Ciclodan
614,Ciclopirox
615,Cilostazol
616,Cimetidine
617,Cimzia
618,Cinacalcet
619,Cinqair
620,Cinryze
621,Cipro
622,Ciprodex
623,Ciprofloxacin
624,Ciprofloxacin / dexamethasone
625,Cisplatin
626,Citalopram
627,CitraNatal 90 DHA
628,CitraNatal Assure
629,Citrate of Magnesia
630,Citric acid / magnesium oxide / sodium picosulfate
631,Citric acid / potassium citrate
632,Citric acid / simethicone / sodium bicarbonate
633,Cladribine
634,Claravis
635,Clarifoam EF
636,Clarinex
637,Clarinex-D 12 Hour
638,Clarithromycin
639,Claritin
640,Claritin-D
641,Claritin-D 12 Hour
642,Claritin-D 24 Hour
643,ClearLax
644,Clemastine
645,Cleocin
646,Cleocin HCl
647,Cleocin Ovules
648,Climara
649,Climara Pro
650,Clindagel
651,Clindamax
652,Clindamycin
653,Clindamycin / tretinoin
654,Clindesse
655,Clinoril
656,Clinpro 5000
657,Clioquinol
658,Clioquinol / hydrocortisone
659,Clobazam
660,Clobetasol
661,Clobex
662,Clocortolone
663,Cloderm
664,Clomid
665,Clomiphene
666,Clomipramine
667,Clonazepam
668,Clonidine
669,Clopidogrel
670,Clorazepate
671,Clotrimazole
672,Clove
673,Clozapine
674,Clozaril
675,Co-trimoxazole
676,CoQ10
677,Coal tar
678,Coal tar / salicylic acid / sulfur
679,Coartem
680,Cobicistat / elvitegravir / emtricitabine / tenofovir
681,Cobicistat / elvitegravir / emtricitabine / tenofovir alafenamide
682,Codeine
683,Codeine / guaifenesin
684,Codeine / promethazine
685,Codimal DM
686,Coenzyme Q10
687,Cogentin
688,Colace
689,Colazal
690,Colchicine
691,Colchicine / probenecid
692,Colcrys
693,Colesevelam
694,Collagenase
695,Collagenase clostridium histolyticum
696,CombiPatch
697,Combigan
698,Combivent
699,Combivent Respimat
700,Combivir
701,Commit
702,Compazine
703,Complera
704,Compoz Nighttime Sleep Aid
705,Compro
706,Comtan
707,Concept DHA
708,Concerta
709,Condylox
710,Conestat alfa
711,Conivaptan
712,Conjugated estrogens
713,Conjugated estrogens / medroxyprogesterone
714,Constulose
715,Contrave
716,Copaxone
717,Copegus
718,Copper
719,Cordarone
720,Cordran Tape
721,Coreg
722,Coreg CR
723,Corgard
724,Coricidin HBP Cold & Flu
725,Corn Huskers Lotion
726,Correctol
727,Cortef
728,Corticotropin
729,Cortizone-10
730,Corzide 80 / 5
731,Cosentyx
732,Cosopt
733,Coumadin
734,Cozaar
735,Cranberry
736,Creatine
737,Creon
738,Crestor
739,Crisaborole
740,Crizotinib
741,Cromolyn
742,Crotamiton
743,Cryselle
744,Cubicin
745,Cutar
746,Cutivate
747,Cuvitru
748,Cyanocobalamin
749,Cyclafem 1 / 35
750,Cyclessa
751,Cyclizine
752,Cyclobenzaprine
753,Cyclophosphamide
754,Cyclosporine
755,Cyklokapron
756,Cylert
757,Cymbalta
758,Cyproheptadine
759,Cyred
760,Cytomel
761,Cytotec
762,Cytoxan
763,Cytra-K
764,D.H.E. 45
765,D3
766,DDAVP
767,DDAVP Nasal
768,Dabigatran
769,Dabrafenib
770,Daclatasvir
771,Daklinza
772,Dalfampridine
773,Daliresp
774,Dallergy
775,Dalmane
776,Damiana
777,Danazol
778,Danocrine
779,Dantrolene
780,Dapagliflozin
781,Dapagliflozin / metformin
782,Dapsone
783,Daptomycin
784,Daraprim
785,Darbepoetin alfa
786,Darifenacin
787,Darunavir
788,Darvocet A500
789,Darvon
790,Dasabuvir / ombitasvir / paritaprevir / ritonavir
791,Dasatinib
792,Daypro
793,Daytrana
794,Dazidox
795,Debrox
796,Decadron
797,Declomycin
798,Deconamine
799,Degarelix
800,Dehydroepiandrosterone
801,Delatestryl
802,Delsym
803,Delsym 12 Hour Cough Relief
804,Deltasone
805,Delzicol
806,Demeclocycline
807,Demerol
808,Denavir
809,Denosumab
810,Depakene
811,Depakote
812,Depakote ER
813,Depakote Sprinkles
814,Deplin
815,Depo-Medrol
816,Depo-Provera
817,Depo-Provera Contraceptive
818,Depo-Testosterone
819,DermaZinc Shampoo
820,Dermal filler
821,Dermatop
822,DesOwen
823,Desipramine
824,Desloratadine
825,Desloratadine / pseudoephedrine
826,Desmopressin
827,Desogen
828,Desogestrel / ethinyl estradiol
829,Desonate
830,Desonide
831,Desoximetasone
832,Desoxyn
833,Desvenlafaxine
834,Desyrel
835,Desyrel Dividose
836,Detrol
837,Detrol LA
838,Devrom
839,Dexamethasone
840,Dexamethasone / neomycin / polymyxin b
841,Dexamethasone / tobramycin
842,Dexamethasone Intensol
843,Dexasone
844,Dexbrompheniramine / pseudoephedrine
845,Dexchlorpheniramine
846,Dexchlorpheniramine / dextromethorphan / pseudoephedrine
847,Dexedrine
848,Dexilant
849,Dexlansoprazole
850,Dexmethylphenidate
851,Dexpak Taperpak
852,Dexpanthenol
853,Dextroamphetamine
854,Dextromethorphan
855,Dextromethorphan / guaifenesin
856,Dextromethorphan / guaifenesin / phenylephrine
857,Dextromethorphan / guaifenesin / pseudoephedrine
858,Dextromethorphan / phenylephrine / pyrilamine
859,Dextromethorphan / promethazine
860,Dextromethorphan / quinidine
861,Dextrostat
862,Diamox
863,Diamox Sequels
864,Diastat
865,Diazepam
866,Diazepam Intensol
867,Diazoxide
868,Dibucaine
869,Dichlorphenamide
870,Diclegis
871,Diclofenac
872,Diclofenac / misoprostol
873,Dicloxacillin
874,Dicyclomine
875,Didrex
876,Dienogest / estradiol
877,Diethylpropion
878,Differin
879,Dificid
880,Diflorasone
881,Diflucan
882,Diflunisal
883,Difluprednate
884,Digoxin
885,Dihydroergotamine
886,Dilantin
887,Dilaudid
888,Dilaudid-HP
889,Dilt-XR
890,Diltiazem
891,Dimenhydrinate
892,Dimethyl fumarate
893,Dimethyl sulfoxide
894,Dinoprostone
895,Diosmiplex
896,Diovan
897,Diovan HCT
898,Diphenhydramine
899,Diphenhydramine / hydrocortisone
900,Diphenhydramine / naproxen
901,Diphenhydramine / phenylephrine
902,Diphenhydramine / pseudoephedrine
903,Diphenidol
904,Diprivan
905,Diprolene AF
906,Diprosone
907,Disopyramide
908,Disulfiram
909,Ditropan
910,Ditropan XL
911,Divalproex sodium
912,Divigel
913,Doans Pills Extra Strength
914,Doc-Q-Lax
915,Docetaxel
916,Docosanol
917,Docusate
918,Docusate / senna
919,Dofetilide
920,Dolgic Plus
921,Dolobid
922,Dolophine
923,Dolutegravir
924,Donepezil
925,Donnatal
926,Doral
927,Dornase alfa
928,Doryx
929,Dorzolamide
930,Dorzolamide / timolol
931,Dostinex
932,Dovonex
933,Doxazosin
934,Doxepin
935,Doxorubicin
936,Doxy 100
937,Doxycycline
938,Doxylamine
939,Doxylamine / pyridoxine
940,Dramamine
941,Dramamine II
942,Dramamine Less Drowsy
943,Drixoral Cold / Flu
944,Drixoral Cold and Allergy
945,Dronabinol
946,Dronedarone
947,Drospirenone / estradiol
948,Drospirenone / ethinyl estradiol
949,Drospirenone / ethinyl estradiol / levomefolate calcium
950,Drysol
951,Duac
952,Duavee
953,Duet DHA
954,Duexis
955,Dulaglutide
956,Dulcolax
957,Dulcolax Laxative
958,Dulera
959,Duloxetine
960,DuoNeb
961,Duoplant
962,Dupilumab
963,Dupixent
964,Duragesic
965,Duramorph
966,Durezol
967,Dutasteride
968,Dutasteride / tamsulosin
969,Dyanavel XR
970,Dyazide
971,Dymista
972,Dynacin
973,Dysport
974,EContra EZ
975,Ecallantide
976,Echinacea
977,Econazole
978,Ed A-Hist
979,Edarbi
980,Edarbyclor
981,Edex
982,Edluar
983,Efavirenz
984,Efavirenz / emtricitabine / tenofovir
985,Effexor
986,Effexor XR
987,Effient
988,Efinaconazole
989,Eflornithine
990,Efudex
991,Egrifta
992,Elavil
993,Elbasvir / grazoprevir
994,Electrolyte replacement solutions
995,Elestat
996,Elestrin
997,Eletriptan
998,Elidel
999,Eligard
1000,Elimite
1001,Elinest
1002,Eliquis
1003,Elmiron
1004,Elocon
1005,Eltrombopag
1006,Eluxadoline
1007,Embeda
1008,Embeline
1009,Emend
1010,Emetrol
1011,Emla
1012,Emollients
1013,Empagliflozin
1014,Empagliflozin / linagliptin
1015,Empagliflozin / metformin
1016,Emsam
1017,Emtricitabine / rilpivirine / tenofovir
1018,Emtricitabine / rilpivirine / tenofovir alafenamide
1019,Emtricitabine / tenofovir
1020,Enablex
1021,Enalapril
1022,Enbrel
1023,Endocet
1024,Enemeez Mini
1025,Enfuvirtide
1026,Enjuvia
1027,Enoxaparin
1028,Enstilar
1029,Entacapone
1030,EnteraGam
1031,Entocort EC
1032,Entresto
1033,Entyvio
1034,Enulose
1035,Eovist
1036,Epclusa
1037,Ephedrine
1038,Ephedrine / guaifenesin
1039,EpiCeram
1040,EpiPen
1041,Epidrin
1042,Epiduo
1043,Epiduo Forte
1044,Epinastine
1045,Epinephrine
1046,Epitol
1047,Epivir
1048,Epivir-HBV
1049,Eplerenone
1050,Epoetin alfa
1051,Epogen
1052,Epoprostenol
1053,Epzicom
1054,Equetro
1055,Erbitux
1056,Ergocalciferol
1057,Ergomar
1058,Ergotamine
1059,Eribulin
1060,Erlotinib
1061,Errin
1062,Ery Pads
1063,Ery-Tab
1064,Erythromycin
1065,Escitalopram
1066,Esgic
1067,Esgic-Plus
1068,Eskalith
1069,Eskalith-CR
1070,Eslicarbazepine
1071,Esomeprazole
1072,Esomeprazole / naproxen
1073,Estarylla
1074,Estazolam
1075,Esterified estrogens
1076,Esterified estrogens / methyltestosterone
1077,Estrace
1078,Estrace Vaginal Cream
1079,Estraderm
1080,Estradiol
1081,Estradiol / levonorgestrel
1082,Estradiol / norethindrone
1083,Estradiol Patch
1084,Estrasorb
1085,Estratest
1086,Estratest H.S.
1087,Estring
1088,Estropipate
1089,Eszopiclone
1090,Etanercept
1091,Ethacrynic acid
1092,Ethchlorvynol
1093,Ethinyl estradiol / ethynodiol
1094,Ethinyl estradiol / etonogestrel
1095,Ethinyl estradiol / folic acid / levonorgestrel
1096,Ethinyl estradiol / levonorgestrel
1097,Ethinyl estradiol / norelgestromin
1098,Ethinyl estradiol / norethindrone
1099,Ethinyl estradiol / norgestimate
1100,Ethinyl estradiol / norgestrel
1101,Ethosuximide
1102,Etodolac
1103,Etonogestrel
1104,Etravirine
1105,Eucrisa
1106,Euflexxa
1107,Eurax
1108,Evamist
1109,Evekeo
1110,Evening Primrose Oil
1111,Everolimus
1112,Evista
1113,Evolocumab
1114,Evoxac
1115,Exalgo
1116,Excedrin
1117,Excedrin Back & Body
1118,Excedrin PM
1119,Excedrin Sinus Headache
1120,Excedrin Tension Headache
1121,Exelon
1122,Exemestane
1123,Exenatide
1124,Exforge
1125,Exforge HCT
1126,Exparel
1127,Extina
1128,Exubera
1129,Eylea
1130,Ezetimibe
1131,Ezetimibe / simvastatin
1132,FML Forte Liquifilm
1133,Fabior
1134,Fallback Solo
1135,Falmina
1136,Famciclovir
1137,Famotidine
1138,Famotidine / ibuprofen
1139,Famvir
1140,Fanapt
1141,Fansidar
1142,Farxiga
1143,Faslodex
1144,Fast Freeze
1145,Fastin
1146,Febuxostat
1147,Felbamate
1148,Felbatol
1149,Feldene
1150,Felodipine
1151,Femara
1152,Femcon Fe
1153,Femring
1154,Femtrace
1155,Fenofibrate
1156,Fenofibric acid
1157,Fenoprofen
1158,Fentanyl
1159,Fentanyl Transdermal System
1160,Fentora
1161,Feraheme
1162,Ferralet 90
1163,Ferric citrate
1164,Ferrous fumarate
1165,Ferrous gluconate
1166,Ferrous sulfate
1167,Ferumoxytol
1168,Fesoterodine
1169,Fetzima
1170,Feverall
1171,Fexmid
1172,Fexofenadine
1173,Fexofenadine / pseudoephedrine
1174,Fidaxomicin
1175,Filgrastim
1176,Finacea
1177,Finasteride
1178,Fingolimod
1179,Fioricet
1180,Fioricet with Codeine
1181,Fiorinal
1182,Fiorinal with Codeine
1183,Firazyr
1184,Firmagon
1185,Flagyl
1186,Flagyl ER
1187,Flagyl IV
1188,Flanax Pain Reliever
1189,Flavoxate
1190,Flecainide
1191,Flector Patch
1192,Fleet Enema
1193,Fleet Glycerin Suppositories Adult
1194,Fletchers Castoria
1195,Flexeril
1196,Flibanserin
1197,Flomax
1198,Flonase
1199,Florastor
1200,Florinef
1201,Florinef Acetate
1202,Flovent
1203,Flovent HFA
1204,Floxin
1205,FluMist
1206,Fluconazole
1207,Fludrocortisone
1208,Flunisolide
1209,Fluocinolone
1210,Fluocinolone / hydroquinone / tretinoin
1211,Fluocinonide
1212,Fluoride
1213,Fluoroplex
1214,Fluorouracil
1215,Fluoxetine
1216,Fluoxetine / olanzapine
1217,Fluphenazine
1218,Flurandrenolide
1219,Flurazepam
1220,Flurbiprofen
1221,Fluticasone
1222,Fluticasone / salmeterol
1223,Fluticasone / vilanterol
1224,Fluvoxamine
1225,Focalin
1226,Focalin XR
1227,Folic acid
1228,Follicle stimulating hormone
1229,Fondaparinux
1230,Foradil Aerolizer
1231,Formoterol
1232,Formoterol / mometasone
1233,Fortamet
1234,Forteo
1235,Fortesta
1236,Fosamax
1237,Fosfomycin
1238,Fosinopril
1239,Fostex Medicated
1240,FreshKote
1241,Frova
1242,Frovatriptan
1243,Furosemide
1244,Fuzeon
1245,Fycompa
1246,Gabapentin
1247,Gabapentin enacarbil
1248,Gabitril
1249,Gablofen
1250,Galantamine
1251,Gammagard
1252,Gamunex
1253,Ganciclovir
1254,Gardasil
1255,Gas-X
1256,Gastrocrom
1257,Gatifloxacin
1258,GaviLyte-C
1259,GaviLyte-G
1260,GaviLyte-N
1261,Gefitinib
1262,Gelnique
1263,Gelusil
1264,Gemcitabine
1265,Gemfibrozil
1266,Gemifloxacin
1267,Gemzar
1268,GenTeal
1269,Generess Fe
1270,Generlac
1271,Gengraf
1272,Gentian violet
1273,Genvoya
1274,Geodon
1275,Gianvi
1276,Gildess 1 / 20
1277,Gildess 1.5 / 30
1278,Gildess Fe 1 / 20
1279,Gildess Fe 1.5 / 30
1280,Gilenya
1281,Gilotrif
1282,Glatiramer
1283,Glatopa
1284,Glecaprevir / pibrentasvir
1285,Gleevec
1286,Glimepiride
1287,Glimepiride / pioglitazone
1288,GlipiZIDE XL
1289,Glipizide
1290,Glucophage
1291,Glucophage XR
1292,Glucosamine
1293,Glucose
1294,Glucotrol
1295,Glucovance
1296,Glumetza
1297,Glutamine
1298,Glyburide
1299,Glycerin
1300,Glyset
1301,Glyxambi
1302,GoLYTELY
1303,Goldenseal
1304,Golimumab
1305,Gonal-f
1306,Goody's Extra-Strength Headache Powders
1307,Goody's Headache Powders
1308,Goserelin
1309,Gralise
1310,Granisetron
1311,Grifulvin V
1312,Gris-PEG
1313,Griseofulvin
1314,Guaifenesin
1315,Guaifenesin / hydrocodone
1316,Guaifenesin / phenylephrine
1317,Guaifenesin / pseudoephedrine
1318,Guanfacine
1319,Gynazole-1
1320,HC-Derma-Pax
1321,Habitrol
1322,Halaven
1323,Halcinonide
1324,Halcion
1325,Haldol
1326,Haldol Decanoate
1327,Halobetasol
1328,Halog
1329,Halog-E
1330,Haloperidol
1331,Harvoni
1332,Heather
1333,Hecoria
1334,Hemax
1335,Heme iron polypeptide
1336,Hemin
1337,Herceptin
1338,Hexachlorophene
1339,Hi-Vegi-Lip
1340,Hiprex
1341,Hizentra
1342,Homatropine / hydrocodone
1343,Horizant
1344,Horse chestnut
1345,Humalog
1346,Humalog KwikPen
1347,Humalog Mix 75 / 25
1348,Human papillomavirus vaccine
1349,Humate-P
1350,Humatrope
1351,Humira
1352,Humulin N
1353,Humulin R U-500 (Concentrated)
1354,Hyaluronan
1355,Hyaluronidase
1356,Hycodan
1357,Hydralazine
1358,Hydralazine / isosorbide dinitrate
1359,Hydrea
1360,Hydrochlorothiazide
1361,Hydrochlorothiazide / irbesartan
1362,Hydrochlorothiazide / lisinopril
1363,Hydrochlorothiazide / losartan
1364,Hydrochlorothiazide / moexipril
1365,Hydrochlorothiazide / olmesartan
1366,Hydrochlorothiazide / spironolactone
1367,Hydrochlorothiazide / telmisartan
1368,Hydrochlorothiazide / triamterene
1369,Hydrochlorothiazide / valsartan
1370,Hydrocodone
1371,Hydrocodone / ibuprofen
1372,Hydrocodone / pseudoephedrine
1373,Hydrocortisone
1374,Hydrocortisone / lidocaine
1375,Hydrocortisone / neomycin / polymyxin b
1376,Hydrocortisone / pramoxine
1377,Hydrocortone
1378,Hydromet
1379,Hydromorphone
1380,Hydroxychloroquine
1381,Hydroxyprogesterone
1382,Hydroxyurea
1383,Hydroxyzine
1384,Hylan g-f 20
1385,Hylira
1386,HyoMax
1387,HyoMax SL
1388,HyoMax SR
1389,Hyoscyamine
1390,Hyoscyamine / methenamine / methylene blue / phenyl salicylate
1391,Hyoscyamine / methenamine / methylene blue / phenyl salicylate / sodium biphosphate
1392,Hyoscyamine / methenamine / methylene blue / sodium biphosphate
1393,Hyosyne
1394,Hypercare
1395,Hypotears
1396,Hysingla ER
1397,Hytrin
1398,Hyzaar
1399,Hyzine
1400,IBU
1401,Ibandronate
1402,Ibrance
1403,Ibrutinib
1404,Ibudone
1405,Ibuprofen
1406,Ibuprofen / pseudoephedrine
1407,Icatibant
1408,Icosapent
1409,Ifex
1410,Ifosfamide
1411,Ilevro
1412,Iloperidone
1413,Iluvien
1414,Imatinib
1415,Imbruvica
1416,Imdur
1417,Imiglucerase
1418,Imipramine
1419,Imiquimod
1420,Imitrex
1421,Imitrex Nasal
1422,Imitrex Statdose
1423,Immune globulin intravenous
1424,Immune globulin intravenous and subcutaneous
1425,Immune globulin oral
1426,Immune globulin subcutaneous
1427,Imodium
1428,Imodium A-D
1429,Imotil
1430,Implanon
1431,Imuran
1432,Incivek
1433,Incruse Ellipta
1434,Indapamide
1435,Inderal
1436,Inderal LA
1437,Indocin
1438,Indocin SR
1439,Indomethacin
1440,Infliximab
1441,"Influenza virus vaccine, inactivated"
1442,"Influenza virus vaccine, live, trivalent"
1443,Infumorph
1444,Ingenol
1445,InnoPran XL
1446,Innohep
1447,Inspra
1448,Insta-Glucose
1449,Insulin aspart
1450,Insulin aspart / insulin aspart protamine
1451,Insulin degludec
1452,Insulin detemir
1453,Insulin glargine
1454,Insulin glulisine
1455,"Insulin inhalation, rapid acting"
1456,Insulin isophane
1457,Insulin isophane / insulin regular
1458,Insulin lispro
1459,Insulin lispro / insulin lispro protamine
1460,Insulin regular
1461,Intal Inhaler
1462,Integra
1463,Integra F
1464,Interferon alfa-2b
1465,Interferon beta-1a
1466,Interferon beta-1b
1467,Intermezzo
1468,Introvale
1469,Intuniv
1470,Invega
1471,Invega Sustenna
1472,Invega Trinza
1473,Invokana
1474,Iohexol
1475,Ionamin
1476,Ipratropium
1477,Ipratropium Inhalation Solution
1478,Irbesartan
1479,Iressa
1480,Iron polysaccharide
1481,Iron sucrose
1482,Isentress
1483,Isocarboxazid
1484,Isoniazid
1485,Isoptin SR
1486,Isosorbide dinitrate
1487,Isosorbide mononitrate
1488,Isotretinoin
1489,Isoxsuprine
1490,Istalol
1491,Itraconazole
1492,Ivabradine
1493,Ivermectin
1494,Ixekizumab
1495,Jakafi
1496,Jalyn
1497,Jantoven
1498,Janumet
1499,Januvia
1500,Jardiance
1501,Jentadueto
1502,Jolessa
1503,Jolivette
1504,Jublia
1505,Juleber
1506,Junel 1 / 20
1507,Junel 1.5 / 30
1508,Junel Fe 1 / 20
1509,Junel Fe 1.5 / 30
1510,Junel Fe 24
1511,Juvederm Voluma XC
1512,Kadian
1513,Kaletra
1514,Kapidex
1515,Kapvay
1516,Kariva
1517,Kava
1518,Keflex
1519,Kemadrin
1520,Kenalog
1521,Kenalog-10
1522,Kenalog-40
1523,Keppra
1524,Keppra XR
1525,Kerydin
1526,Ketalar
1527,Ketamine
1528,Ketoconazole
1529,Ketoprofen
1530,Ketorolac
1531,Ketotifen
1532,Keytruda
1533,Kineret
1534,Klonopin
1535,Klonopin Wafer
1536,Klor-Con
1537,KneeRelief
1538,Kombiglyze XR
1539,Krystexxa
1540,Kybella
1541,Kyleena
1542,Kytril
1543,L-Carnitine
1544,L-Methylfolate Calcium
1545,L-methylfolate
1546,LMX 5
1547,Labetalol
1548,Lac-Hydrin
1549,Lacosamide
1550,Lacrisert
1551,Lactaid
1552,Lactase
1553,Lactic acid
1554,Lactobacillus acidophilus
1555,Lactulose
1556,Lagesic
1557,Lamictal
1558,Lamictal ODT
1559,Lamictal XR
1560,Lamisil
1561,Lamivudine
1562,Lamivudine / zidovudine
1563,Lamotrigine
1564,Lanacane
1565,Lanolin
1566,Lanoxicaps
1567,Lansoprazole
1568,Lanthanum carbonate
1569,Lantus
1570,Lantus Solostar
1571,Lariam
1572,Larin Fe 1 / 20
1573,Lasix
1574,Lastacaft
1575,Latanoprost
1576,Latuda
1577,Lazanda
1578,Lecithin
1579,Ledipasvir / sofosbuvir
1580,Leflunomide
1581,Lemtrada
1582,Lenalidomide
1583,Lesinurad
1584,Lessina
1585,Letairis
1586,Letrozole
1587,Leukeran
1588,Leuprolide
1589,Leustatin
1590,Levalbuterol
1591,Levaquin
1592,Levemir
1593,Levetiracetam
1594,Levitra
1595,Levlen
1596,Levo-T
1597,Levocetirizine
1598,Levodopa
1599,Levofloxacin
1600,Levomilnacipran
1601,Levonorgestrel
1602,Levora
1603,Levorphanol
1604,Levothroid
1605,Levothyroxine
1606,Levoxyl
1607,Levsin
1608,Levsin SL
1609,Lexapro
1610,Lexiscan
1611,Lialda
1612,Librax
1613,Librium
1614,Lidex
1615,Lidocaine
1616,Lidocaine / menthol
1617,Lidocaine / prilocaine
1618,Lidocaine Viscous
1619,Lidoderm
1620,Lifitegrast
1621,Liletta
1622,Limbitrol
1623,Limbitrol DS
1624,Limbrel
1625,Limbrel 500
1626,Linaclotide
1627,Linagliptin
1628,Linagliptin / metformin
1629,Lincocin
1630,Lincomycin
1631,Linezolid
1632,Linzess
1633,Lioresal
1634,Lioresal Intrathecal
1635,Liothyronine
1636,Lipitor
1637,Lipofen
1638,Liquid Co-Q10
1639,Liraglutide
1640,Lisdexamfetamine
1641,Lisinopril
1642,Lithium
1643,Lithobid
1644,Lithostat
1645,Livalo
1646,Lo / Ovral
1647,Lo / Ovral-28
1648,Lo Loestrin Fe
1649,LoSeasonique
1650,Locoid Lipocream
1651,Lodine
1652,Loestrin 21 1 / 20
1653,Loestrin 24 Fe
1654,Loestrin Fe 1 / 20
1655,Loestrin Fe 1.5 / 30
1656,Lomaira
1657,Lomotil
1658,Lonox
1659,Loperamide
1660,Lopid
1661,Lopinavir / ritonavir
1662,Lopressor
1663,Loprox
1664,Lorabid
1665,Loracarbef
1666,Loratadine
1667,Loratadine / pseudoephedrine
1668,Loratadine-D 24 Hour
1669,Lorazepam
1670,Lorazepam Intensol
1671,Lorcaserin
1672,Lorcet
1673,Lorcet 10 / 650
1674,Lortab
1675,Loryna
1676,Lorzone
1677,Losartan
1678,Lotemax
1679,Lotensin
1680,Loteprednol
1681,Loteprednol / tobramycin
1682,Lotrel
1683,Lotronex
1684,Lovastatin
1685,Lovaza
1686,Lovenox
1687,Low-Ogestrel-21
1688,Loxapine
1689,Lubiprostone
1690,Lucentis
1691,Ludiomil
1692,Lumigan
1693,Luminal
1694,Lunesta
1695,Lupron
1696,Lupron Depot
1697,Lupron Depot-PED
1698,Lurasidone
1699,Lutera
1700,Luvox
1701,Luvox CR
1702,Luxiq
1703,Lybrel
1704,Lyrica
1705,Lysine
1706,Lysteda
1707,Lyza
1708,M-End PE
1709,MG217 Medicated Tar
1710,MS Contin
1711,Macitentan
1712,Macrobid
1713,Macrodantin
1714,Macugen
1715,Magaldrate / simethicone
1716,Magnacet
1717,Magnesium citrate
1718,Magnesium gluconate
1719,Magnesium hydroxide
1720,Magnesium oxide
1721,Magnesium salicylate
1722,Magnesium sulfate / potassium sulfate / sodium sulfate
1723,Makena
1724,Malarone
1725,Malathion
1726,Mandelamine
1727,Maprotiline
1728,Maraviroc
1729,Marcaine
1730,Marezine
1731,Marinol
1732,Marlissa
1733,Marplan
1734,Mavyret
1735,Maxair
1736,Maxair Autohaler
1737,Maxalt
1738,Maxalt-MLT
1739,Maxaron Forte
1740,Maxichlor PSE DM
1741,Maxidone
1742,Maxifed DM
1743,Maxitrol
1744,Maxzide
1745,Mebaral
1746,Meclizine
1747,Medi-Quik Spray
1748,Medrol
1749,Medrol Dosepak
1750,Medroxyprogesterone
1751,Mefenamic acid
1752,Mefloquine
1753,Megace
1754,Megace ES
1755,Megestrol
1756,Mekinist
1757,Melatonin
1758,Mellaril
1759,Meloxicam
1760,Memantine
1761,Menest
1762,Meningococcal group B vaccine
1763,Menthol
1764,Menthol / zinc oxide
1765,Meperidine
1766,Meperidine / promethazine
1767,Meperitab
1768,Mephobarbital
1769,Mephyton
1770,Mepivacaine
1771,Mepolizumab
1772,Meprobamate
1773,Mercaptopurine
1774,Meridia
1775,Meropenem
1776,Mesalamine
1777,Mestinon
1778,Mestinon Timespan
1779,Mestranol / norethindrone
1780,Metadate CD
1781,Metamucil
1782,Metaproterenol
1783,Metaxalone
1784,Metformin
1785,Metformin / pioglitazone
1786,Metformin / rosiglitazone
1787,Metformin / saxagliptin
1788,Metformin / sitagliptin
1789,Methacholine
1790,Methadone
1791,Methadone Diskets
1792,Methadose
1793,Methamphetamine
1794,Methenamine
1795,Methergine
1796,Methimazole
1797,Methitest
1798,Methocarbamol
1799,Methotrexate
1800,Methscopolamine
1801,Methyl salicylate
1802,Methylcellulose
1803,Methyldopa
1804,Methylergonovine
1805,Methylin
1806,Methylin ER
1807,Methylnaltrexone
1808,Methylphenidate
1809,Methylprednisolone
1810,Methyltestosterone
1811,Metoclopramide
1812,Metoprolol
1813,Metoprolol Tartrate
1814,MetroGel
1815,MetroGel-Vaginal
1816,Metronidazole
1817,Mevacor
1818,Mexiletine
1819,Mexitil
1820,Micardis
1821,Micardis HCT
1822,Miconazole
1823,Miconazole / zinc oxide
1824,Micrainin
1825,Microgestin 1 / 20
1826,Microgestin 1.5 / 30
1827,Microgestin Fe 1 / 20
1828,Microgestin Fe 1.5 / 30
1829,Midazolam
1830,Midodrine
1831,Midol Extended Relief
1832,Midol PM
1833,Midostaurin
1834,Mifepristone
1835,Migergot
1836,Migranal
1837,Milk of Magnesia
1838,Milk thistle
1839,Milnacipran
1840,Miltown
1841,Minastrin 24 Fe
1842,Minipress
1843,Minivelle
1844,Minocin
1845,Minocycline
1846,Minoxidil
1847,MiraLax
1848,Mirabegron
1849,Mirapex
1850,Mirapex ER
1851,Mircette
1852,Mirena
1853,Mirtazapine
1854,Mirvaso
1855,Misoprostol
1856,Mitoxantrone
1857,Moban
1858,Mobic
1859,Modafinil
1860,Moexipril
1861,Molindone
1862,Mometasone
1863,Monistat 3-Day Combination Pack
1864,Monistat 7
1865,Monistat 7-Day Combination Pack
1866,Mono-Linyah
1867,Monodox
1868,Mononessa
1869,Monopril
1870,Monovisc
1871,Montelukast
1872,Monurol
1873,Morphine
1874,Morphine / naltrexone
1875,Motofen
1876,Motrin
1877,Motrin IB
1878,Movantik
1879,MoviPrep
1880,Moxeza
1881,Moxifloxacin
1882,Mucinex
1883,Mucinex D
1884,Mucinex D Maximum Strength
1885,Mucinex DM
1886,Mucinex Fast-Max Severe Congestion & Cough
1887,Mucinex Maximum Strength
1888,Mucinex Sinus-Max Full Force
1889,Mucomyst
1890,Multaq
1891,Multivitamin
1892,Multivitamin with iron
1893,Multivitamin with minerals
1894,"Multivitamin, prenatal"
1895,Mupirocin
1896,Muse
1897,My Way
1898,Mycelex Troche
1899,Mycophenolate mofetil
1900,Mycophenolic acid
1901,Mydayis
1902,Myfortic
1903,Mylanta
1904,Myleran
1905,Myobloc
1906,Myorisan
1907,Myrbetriq
1908,Mysoline
1909,NP Thyroid
1910,Nabilone
1911,Nabumetone
1912,Nadolol
1913,Nafarelin
1914,Naftifine
1915,Naftin
1916,Nalbuphine
1917,Nalfon
1918,Naloxegol
1919,Naloxone
1920,Naloxone / oxycodone
1921,Naloxone / pentazocine
1922,Naltrexone
1923,Namenda
1924,Namenda XR
1925,Naphazoline
1926,Naphazoline / pheniramine
1927,Naprelan
1928,Naprosyn
1929,Naproxen
1930,Naproxen / pseudoephedrine
1931,Naproxen / sumatriptan
1932,Naratriptan
1933,Narcan Injection
1934,Nardil
1935,Nasacort
1936,Nasacort AQ
1937,Nasacort Allergy 24HR
1938,Nasarel
1939,Nasonex
1940,Natalizumab
1941,Natazia
1942,Natelle One
1943,Natesto
1944,Natpara
1945,Natroba
1946,Nature-Throid
1947,Navane
1948,Nebivolol
1949,Necitumumab
1950,Necon 1 / 35
1951,Necon 1 / 50
1952,Necon 7 / 7 / 7
1953,Nedocromil
1954,Neevo DHA
1955,Nefazodone
1956,Neoral
1957,Neostigmine
1958,Nepafenac
1959,Nesina
1960,Neulasta
1961,Neupogen
1962,Neupro
1963,Neurontin
1964,NeutraSal
1965,Nevanac
1966,Nevirapine
1967,Nexavar
1968,Nexium
1969,Nexium 24HR
1970,Nexium IV
1971,Nexplanon
1972,Next Choice
1973,Niacin
1974,Niacin / simvastatin
1975,Niaspan
1976,Nicoderm CQ
1977,Nicorette
1978,Nicotine
1979,Nicotrol Inhaler
1980,Nifedical XL
1981,Nifedipine
1982,Niferex
1983,Nikki
1984,Nilotinib
1985,Nilstat
1986,Nimodipine
1987,Nimotop
1988,Niravam
1989,Nitro-Bid
1990,Nitrofurantoin
1991,Nitroglycerin
1992,Nitrolingual Pumpspray
1993,Nitrostat
1994,Nivolumab
1995,Nizatidine
1996,Nizoral
1997,Nizoral A-D
1998,Nizoral Topical
1999,NoDoz
2000,Nolvadex
2001,Nora-Be
2002,Norco
2003,Norditropin
2004,Norel SR
2005,Norethindrone
2006,Norflex
2007,Norfloxacin
2008,Norgesic
2009,Norgesic Forte
2010,Norinyl 1+35
2011,Normodyne
2012,Norpace
2013,Norpace CR
2014,Norpramin
2015,Nortrel 1 / 35
2016,Nortrel 7 / 7 / 7
2017,Nortriptyline
2018,Norvasc
2019,Nostrilla
2020,NovoLog FlexPen
2021,NovoLog Mix 70 / 30
2022,Novolin 70 / 30
2023,Novolin N
2024,Novolog
2025,NuLYTELY
2026,NuOx
2027,Nubain
2028,Nucala
2029,Nucynta
2030,Nucynta ER
2031,Nuedexta
2032,Nupercainal
2033,Nutraplus
2034,NuvaRing
2035,Nuvigil
2036,Nuwiq
2037,Nystatin
2038,Nystatin / triamcinolone
2039,Nytol
2040,Ocella
2041,Octagam
2042,Octreotide
2043,Ocular lubricant
2044,Odefsey
2045,Ofloxacin
2046,Ogen
2047,Ogestrel-28
2048,Olanzapine
2049,Oleptro
2050,Olmesartan
2051,Olodaterol
2052,Olodaterol / tiotropium
2053,Olopatadine
2054,Olux
2055,Olux-E
2056,Olysio
2057,Omacor
2058,Omalizumab
2059,Omega-3 polyunsaturated fatty acids
2060,Omeprazole
2061,Omeprazole / sodium bicarbonate
2062,Omnaris
2063,Omnicef
2064,Omnipaque 350
2065,Omnitrope
2066,OnabotulinumtoxinA
2067,Ondansetron
2068,Onexton
2069,Onfi
2070,Onglyza
2071,Onzetra Xsail
2072,Opana
2073,Opana ER
2074,Opcicon One-Step
2075,Opcon-A
2076,Opdivo
2077,Opium
2078,Opsumit
2079,Optivar
2080,Oracea
2081,Orajel
2082,Oramorph SR
2083,Orap
2084,Orencia
2085,Orlistat
2086,Ornex
2087,Orphenadrine
2088,Orsythia
2089,Ortho Cyclen
2090,Ortho Evra
2091,Ortho Micronor
2092,Ortho Tri-Cyclen
2093,Ortho Tri-Cyclen Lo
2094,Ortho-Cept
2095,Ortho-Novum 1 / 35
2096,Ortho-Novum 7 / 7 / 7
2097,Orthovisc
2098,Orudis KT
2099,Oruvail
2100,Orvaten
2101,Oseltamivir
2102,OsmoPrep
2103,Ospemifene
2104,Osphena
2105,Osteo Bi-Flex
2106,Otezla
2107,Otrexup
2108,Ovace Plus
2109,Ovide
2110,Ovidrel
2111,Oxaliplatin
2112,Oxaprozin
2113,Oxaydo
2114,Oxazepam
2115,Oxcarbazepine
2116,Oxiconazole
2117,Oxistat
2118,Oxtellar XR
2119,Oxy-10
2120,OxyContin
2121,OxyIR
2122,Oxybutynin
2123,Oxycodone
2124,Oxyfast
2125,Oxymetazoline
2126,Oxymetholone
2127,Oxymorphone
2128,Oxytocin
2129,Oxytrol
2130,Ozurdex
2131,PEG-3350 with Electolytes
2132,PEG3350
2133,PR Natal 400
2134,Pacerone
2135,Paclitaxel
2136,Paclitaxel protein-bound
2137,Palbociclib
2138,Palgic
2139,Paliperidone
2140,Palladone
2141,Palonosetron
2142,Pamelor
2143,Pamine
2144,PanOxyl
2145,PanOxyl 10% Acne Foaming Wash
2146,Pancreatin
2147,Pancreaze
2148,Pancrelipase
2149,Panhematin
2150,Panitumumab
2151,Panlor SS
2152,Pantoprazole
2153,ParaGard
2154,Parafon Forte DSC
2155,Paraplatin
2156,Parathyroid hormone
2157,Paregoric
2158,Parlodel
2159,Parnate
2160,Paromomycin
2161,Paroxetine
2162,Pataday
2163,Patanase
2164,Patanol
2165,Paxil
2166,Paxil CR
2167,Pazeo
2168,Pazopanib
2169,Pedi-Dri
2170,Pegasys
2171,Pegfilgrastim
2172,Peginterferon alfa-2a
2173,Peginterferon beta-1a
2174,Pegloticase
2175,Pembrolizumab
2176,Pemetrexed
2177,Pemirolast
2178,Pemoline
2179,Penciclovir
2180,Penicillamine
2181,Penicillin VK
2182,Penicillin g benzathine
2183,Penicillin v potassium
2184,Penlac
2185,Penlac Nail Lacquer
2186,Pennsaid
2187,Pennyroyal
2188,Pentasa
2189,Pentazocine
2190,Pentobarbital
2191,Pentosan polysulfate sodium
2192,Pentothal
2193,Pentoxifylline
2194,Pepcid
2195,Pepcid AC Chewable Tablets
2196,Peppermint
2197,Pepto-Bismol
2198,Perampanel
2199,Percocet
2200,Percodan
2201,Perforomist
2202,Peri-Colace
2203,Peridex
2204,Perindopril
2205,Periogard
2206,Permethrin
2207,Pernox
2208,Perphenazine
2209,Pexeva
2210,Phenazopyridine
2211,Phendiet
2212,Phendimetrazine
2213,Phenelzine
2214,Phenergan
2215,Phenobarbital
2216,Phenol
2217,Phentercot
2218,Phentermine
2219,Phentermine / topiramate
2220,Phentride
2221,Phenylephrine
2222,Phenylephrine / pramoxine
2223,Phenylephrine / pyrilamine
2224,Phenytek
2225,Phenytoin
2226,Phillips Colon Health
2227,Phillips' Milk of Magnesia
2228,PhosLo
2229,Phosphasal
2230,Phosphorated carbohydrate solution
2231,Phrenilin
2232,Phytonadione
2233,Picato
2234,Pilocarpine
2235,Pima
2236,Pimecrolimus
2237,Pimozide
2238,Pimtrea
2239,Pin-X
2240,Pioglitazone
2241,Piperacillin / tazobactam
2242,Pirbuterol
2243,Piroxicam
2244,Pitavastatin
2245,Plan B
2246,Plan B One-Step
2247,Plaquenil
2248,Platinol
2249,Plavix
2250,Plecanatide
2251,Plegridy
2252,Plendil
2253,Pletal
2254,Plexion Cleanser
2255,Pneumococcal 13-valent vaccine
2256,Podofilox
2257,Podophyllum resin
2258,Polocaine
2259,Polyethylene glycol 3350
2260,Polyethylene glycol 3350 with electrolytes
2261,Polymyxin b / trimethoprim
2262,Polysporin First Aid Antibiotic Ointment
2263,Polytrim
2264,Pomalidomide
2265,Pomalyst
2266,Ponstel
2267,Portia
2268,Potassium chloride
2269,Potassium iodide
2270,Povidone iodine
2271,Pradaxa
2272,Praluent
2273,Pramipexole
2274,Pramlintide
2275,Pramosone
2276,Pramoxine
2277,Prandin
2278,Prasugrel
2279,Pravachol
2280,Pravastatin
2281,Prax
2282,Praziquantel
2283,Prazosin
2284,PreNexa
2285,Prednicarbate
2286,Prednicot
2287,Prednisolone
2288,Prednisolone / sulfacetamide sodium
2289,Prednisone
2290,Prefrin
2291,Pregabalin
2292,Pregnyl
2293,Premarin
2294,Premarin Vaginal
2295,Premphase
2296,Prempro
2297,Prenatal Plus
2298,Prepopik
2299,Prevacid
2300,Prevacid OTC
2301,Prevalite
2302,Previfem
2303,Prevnar 13
2304,Prevpac
2305,Prilosec
2306,Prilosec OTC
2307,Primatene
2308,Primatene Mist
2309,Primidone
2310,Primlev
2311,Prinivil
2312,Prinzide
2313,Pristiq
2314,Privigen
2315,Privine
2316,ProAir HFA
2317,ProAmatine
2318,ProCentra
2319,ProFe
2320,Probenecid
2321,Probenecid and Colchicine
2322,Procardia
2323,Procardia XL
2324,Prochlorperazine
2325,Procrit
2326,Proctofoam
2327,Proctofoam HC
2328,Proctosol-HC
2329,Procyclidine
2330,Prodrin
2331,Proferrin-ES
2332,Progesterone
2333,Proglycem
2334,Prograf
2335,Prolastin-C
2336,Prolensa
2337,Proleukin
2338,Prolia
2339,Prolixin
2340,Promethazine
2341,Promethazine DM
2342,Prometrium
2343,Propafenone
2344,Propecia
2345,Propofol
2346,Propoxyphene
2347,Propranolol
2348,Proscar
2349,Protonix
2350,Protonix IV
2351,Protopic
2352,Protriptyline
2353,Provenge
2354,Proventil
2355,Proventil HFA
2356,Provera
2357,Provida DHA
2358,Provigil
2359,Provocholine
2360,Prozac
2361,Prozac Weekly
2362,Pseudoephedrine
2363,Pseudoephedrine / triprolidine
2364,Psorcon
2365,Psorcon E
2366,Psoriasin
2367,Psyllium
2368,Pulmicort Flexhaler
2369,Pulmicort Respules
2370,Pulmicort Turbuhaler
2371,Purinethol
2372,Pylera
2373,Pyrantel
2374,Pyridium
2375,Pyridostigmine
2376,Pyridoxine
2377,Pyrimethamine
2378,Pyrimethamine / sulfadoxine
2379,QNASL
2380,Qsymia
2381,Qualaquin
2382,Quasense
2383,Quazepam
2384,Qudexy XR
2385,Questran
2386,Quetiapine
2387,Quillivant XR
2388,Quinapril
2389,Quinidine
2390,Quinine
2391,Qvar
2392,R-Tanna
2393,Rabeprazole
2394,"Rabies vaccine, human diploid cell"
2395,Racepinephrine
2396,Rajani
2397,Raloxifene
2398,Raltegravir
2399,Ramelteon
2400,Ramipril
2401,Ranexa
2402,Ranibizumab
2403,Ranitidine
2404,Ranolazine
2405,Rapaflo
2406,Rasagiline
2407,Raspberry
2408,Rayaldee
2409,Rayos
2410,Razadyne ER
2411,Rea Lo 40
2412,Readi-Cat
2413,Rebetol
2414,Rebif
2415,Rebif Rebidose
2416,Reclast
2417,Reclipsen
2418,RectiCare
2419,Rectiv
2420,Red yeast rice
2421,Refresh PM
2422,Regadenoson
2423,Reglan
2424,Relafen
2425,Relenza
2426,ReliOn / Novolin 70 / 30
2427,Relistor
2428,Relpax
2429,Remeron
2430,Remeron SolTab
2431,Remicade
2432,Renagel
2433,Renvela
2434,Repaglinide
2435,Repatha
2436,Reprexain
2437,Requip
2438,Requip XL
2439,Reserpine
2440,Reslizumab
2441,Resorcinol / sulfur
2442,Restasis
2443,Restoril
2444,Retapamulin
2445,Retin A Micro
2446,Retin-A
2447,Retisert
2448,Retre-Gel
2449,Revatio
2450,Revia
2451,Revlimid
2452,Rexulti
2453,Reyataz
2454,Rezira
2455,Rhinocort
2456,Rhinocort Aqua
2457,Rhofade
2458,Ribavirin
2459,Riboflavin
2460,Ridaura
2461,Rifadin
2462,Rifampin
2463,Rifaximin
2464,Rilonacept
2465,Rilutek
2466,Riluzole
2467,Risedronate
2468,Risperdal
2469,Risperdal Consta
2470,Risperdal M-Tab
2471,Risperidone
2472,Ritalin
2473,Ritalin LA
2474,Ritalin-SR
2475,Rituxan
2476,Rituximab
2477,Rivaroxaban
2478,Rivastigmine
2479,Rizatriptan
2480,Robaxin
2481,Robaxin-750
2482,Robitussin Cold Cough and Flu
2483,Robitussin Cough + Chest Congestion DM
2484,Robitussin CoughGels Long-Acting
2485,Rocaltrol
2486,Rocephin
2487,Roflumilast
2488,Rogaine
2489,Rogaine Women's
2490,Rolapitant
2491,Romiplostim
2492,Ropinirole
2493,Rosiglitazone
2494,Rosuvastatin
2495,Rotigotine
2496,Rowasa
2497,Roxicet
2498,Roxicodone
2499,Roxicodone Intensol
2500,Royal jelly
2501,Rozerem
2502,Ruconest
2503,Rufinamide
2504,Ruxolitinib
2505,Rynatan
2506,Rytary
2507,Rythmol
2508,Rythmol SR
2509,Ryzolt
2510,S-adenosylmethionine
2511,SMZ-TMP DS
2512,Saccharomyces boulardii lyo
2513,Sacubitril / valsartan
2514,Safyral
2515,Saizen
2516,Salicylic acid
2517,Salicylic acid / sulfur
2518,Salicylic acid / urea
2519,Saliva substitutes
2520,SalivaMAX
2521,Salivart
2522,Salofalk
2523,Salonpas Pain Patch
2524,Salsalate
2525,Salvax Duo
2526,Sanctura
2527,Sanctura XR
2528,Sancuso
2529,Sandostatin
2530,Sansert
2531,Saphris
2532,Sarafem
2533,Sarna Sensitive
2534,Savella
2535,Saw palmetto
2536,Saxagliptin
2537,Saxenda
2538,Scopolamine
2539,Scullcap
2540,Scytera
2541,Seasonale
2542,Seasonique
2543,Secobarbital
2544,Seconal
2545,Seconal Sodium
2546,Sectral
2547,Secukinumab
2548,Selegiline
2549,Selenium sulfide
2550,Selexipag
2551,Selzentry
2552,Semprex-D
2553,Senna
2554,Senna Plus
2555,Senokot
2556,Senokot S
2557,Sensipar
2558,Sensorcaine-MPF
2559,Septra
2560,Septra DS
2561,Serax
2562,Seroquel
2563,Seroquel XR
2564,Sertaconazole
2565,Sertraline
2566,Serzone
2567,Sevelamer
2568,Sharobel
2569,Sildenafil
2570,Silenor
2571,Siliq
2572,Silodosin
2573,Silvadene
2574,Silver
2575,Silver sulfadiazine
2576,Simbrinza
2577,Simcor
2578,Simeprevir
2579,Simethicone
2580,Simply Sleep
2581,Simponi
2582,Simponi Aria
2583,Simvastatin
2584,Sine-Off Maximum Strength
2585,Sinemet
2586,Sinemet CR
2587,Sinequan
2588,Singulair
2589,Sipuleucel-T
2590,Sitagliptin
2591,Sitavig
2592,Skeeter Stik
2593,Skelaxin
2594,Sklice
2595,Skyla
2596,Sleep Aid
2597,Slippery elm
2598,Slo-Niacin
2599,Slow Fe
2600,Sodium bicarbonate
2601,Sodium biphosphate / sodium phosphate
2602,Sodium chloride
2603,Sodium hyaluronate
2604,Sodium hypochlorite
2605,Sodium oxybate
2606,Sodium polystyrene sulfonate
2607,Sofosbuvir
2608,Sofosbuvir / velpatasvir
2609,Solaraze
2610,Solarcaine First Aid Medicated Spray
2611,Solifenacin
2612,Solodyn
2613,Solu-Medrol
2614,Soma
2615,Soma Compound
2616,Soma Compound with Codeine
2617,Somatropin
2618,Sominex
2619,Somnote
2620,Sonata
2621,Soolantra
2622,Sorafenib
2623,Soriatane
2624,Sotalol
2625,Sotalol Hydrochloride AF
2626,Sovaldi
2627,Spectazole
2628,Spinosad
2629,Spiriva
2630,Spiriva Respimat
2631,Spironolactone
2632,Sporanox
2633,Sprintec
2634,Sprix
2635,Sprycel
2636,Sronyx
2637,St. john's wort
2638,Stadol
2639,Stalevo
2640,Stalevo 200
2641,Stavzor
2642,Staxyn
2643,Stelara
2644,Stelazine
2645,Stendra
2646,Sterapred DS
2647,Stimate
2648,Stiolto Respimat
2649,Stivarga
2650,Strattera
2651,Streptokinase
2652,Striant
2653,Stribild
2654,Striverdi Respimat
2655,Stromectol
2656,Sublimaze
2657,Suboxone
2658,Subsys
2659,Subutex
2660,Sucralfate
2661,Sudafed 12-Hour
2662,Sudafed 24-Hour
2663,Sudafed Congestion
2664,Sudafed PE Severe Cold
2665,Sulfacetamide sodium
2666,Sulfacetamide sodium / sulfur
2667,Sulfamethoxazole / trimethoprim
2668,Sulfasalazine
2669,Sulfatrim
2670,Sulfazine
2671,Sulfinpyrazone
2672,Sulfur
2673,Sulindac
2674,Sumadan
2675,Sumatriptan
2676,Sumavel DosePro
2677,Sunitinib
2678,Supartz
2679,Supprelin LA
2680,Suprax
2681,Suprep Bowel Prep Kit
2682,Sustiva
2683,Sutent
2684,Suvorexant
2685,Symax Duotab
2686,Symbicort
2687,Symbyax
2688,Symlin
2689,SymlinPen 60
2690,Symmetrel
2691,Synalar
2692,Synarel
2693,Synjardy
2694,Synthroid
2695,Synvisc
2696,Synvisc-One
2697,Systane
2698,Systane Balance
2699,Systane Ultra
2700,T-Diet
2701,Taclonex
2702,Taclonex Scalp
2703,Tacrolimus
2704,Tadalafil
2705,Tafinlar
2706,Tafluprost
2707,Tagamet
2708,Take Action
2709,Talacen
2710,Taltz
2711,Talwin
2712,Talwin Nx
2713,Tambocor
2714,Tamiflu
2715,Tamoxifen
2716,Tamsulosin
2717,Tandem
2718,Tandem DHA
2719,Tanzeum
2720,Tapazole
2721,Tapentadol
2722,Tarceva
2723,Targiniq ER
2724,Targretin
2725,Tarina Fe 1 / 20
2726,Tarka
2727,Tasigna
2728,Tavaborole
2729,Taxol
2730,Taxotere
2731,Taytulla
2732,Tazarotene
2733,Tazorac
2734,Tecfidera
2735,Tegaserod
2736,Tegretol
2737,Tegretol XR
2738,Tekturna
2739,Tekturna HCT
2740,Telaprevir
2741,Telmisartan
2742,Temazepam
2743,Temodar
2744,Temovate
2745,Temozolomide
2746,Temsirolimus
2747,Tenofovir
2748,Tenoretic 50
2749,Tenormin
2750,Tenuate
2751,Tenuate Dospan
2752,Terazol
2753,Terazol 7
2754,Terazosin
2755,Terbinafine
2756,Terbutaline
2757,Terconazole
2758,Teriflunomide
2759,Teriparatide
2760,Tesamorelin
2761,Tessalon
2762,Tessalon Perles
2763,Testim
2764,Testopel
2765,Testosterone
2766,Tetracaine
2767,Tetracycline
2768,Tetrahydrozoline
2769,Tetrahydrozoline / zinc sulfate
2770,Tev-Tropin
2771,Theo-24
2772,Theophylline
2773,TheraTears
2774,Thiopental
2775,Thioridazine
2776,Thiothixene
2777,Thorazine
2778,Thyroid desiccated
2779,Tiagabine
2780,Tiazac
2781,Ticagrelor
2782,Tigan
2783,Tiger Balm
2784,Tikosyn
2785,Timolol
2786,Timoptic Ocudose
2787,Tindamax
2788,Tinidazole
2789,Tinzaparin
2790,Tioconazole
2791,Tiotropium
2792,Tirosint
2793,Tivicay
2794,Tizanidine
2795,TobraDex
2796,Tobramycin
2797,Tobrex
2798,Tocilizumab
2799,Todays Health Nasal  Relief Extra Moisturizing
2800,Tofacitinib
2801,Tofranil
2802,Tolak
2803,Tolmetin
2804,Tolnaftate
2805,Tolterodine
2806,Topamax
2807,Topicort
2808,Topicort LP
2809,Topiragen
2810,Topiramate
2811,Toprol-XL
2812,Toradol
2813,Toradol IV / IM
2814,Torisel
2815,Torsemide
2816,Toujeo
2817,Toujeo Solostar
2818,Toviaz
2819,Tracleer
2820,Tradjenta
2821,Tramadol
2822,Trametinib
2823,Trandolapril / verapamil
2824,Tranexamic acid
2825,Transderm-Scop
2826,Tranxene
2827,Tranxene SD
2828,Tranylcypromine
2829,Trastuzumab
2830,Travel-Eze
2831,Travoprost
2832,Trazodone
2833,Treanda
2834,Trelstar
2835,Trelstar LA
2836,Trental
2837,Treprostinil
2838,Tresiba
2839,Tretin-X
2840,Tretinoin
2841,Treximet
2842,Trezix
2843,Tri-Estarylla
2844,Tri-Linyah
2845,Tri-Lo-Marzia
2846,Tri-Lo-Sprintec
2847,Tri-Luma
2848,Tri-Previfem
2849,Tri-Sprintec
2850,TriCor
2851,TriNessa
2852,TriNessa Lo
2853,Triamcinolone
2854,Triamterene
2855,Triavil
2856,Triazolam
2857,Tribenzor
2858,Trifluoperazine
2859,Trihexyphenidyl
2860,Trilafon
2861,Trileptal
2862,Trilipix
2863,Trimethobenzamide
2864,Trimethoprim
2865,Trintellix
2866,Triple Antibiotic
2867,Triple Paste
2868,Triprolidine
2869,Triptorelin
2870,Triumeq
2871,Trivora
2872,Trixaicin HP
2873,Trizivir
2874,Trocaine
2875,Trokendi XR
2876,Trolamine salicylate
2877,Tronolane Anesthetic for Hemorrhoids
2878,Trospium
2879,Trulance
2880,Trulicity
2881,Trusopt
2882,Truvada
2883,Tryptophan
2884,Tudorza Pressair
2885,Turmeric
2886,TussiCaps
2887,Tussigon
2888,Tussionex Pennkinetic
2889,Twynsta
2890,Tylenol
2891,Tylenol 8 Hour
2892,Tylenol Arthritis Pain
2893,Tylenol PM
2894,Tylenol with Codeine
2895,Tylenol with Codeine #3
2896,Tylox
2897,Tysabri
2898,Tyvaso
2899,Ubiquinone
2900,Uceris
2901,Ulesfia
2902,Ulipristal
2903,Uloric
2904,Ultracet
2905,Ultram
2906,Ultram ER
2907,Ultram ODT
2908,Ultravate
2909,Umeclidinium / vilanterol
2910,Unasyn
2911,Undecylenic acid
2912,Uniphyl
2913,Uniretic
2914,Unisom SleepGels
2915,Unisom SleepMelts
2916,Unisom SleepTabs
2917,Unithroid
2918,Univasc
2919,Uptravi
2920,Urea
2921,Urecholine
2922,Uribel
2923,Uricalm
2924,Urised
2925,Uristat
2926,Uroxatral
2927,Urso
2928,Urso Forte
2929,Ursodiol
2930,Ustekinumab
2931,Uta
2932,VESIcare
2933,Vagifem
2934,Vagistat-1
2935,Valacyclovir
2936,Valcyte
2937,Valdecoxib
2938,Valerian
2939,Valganciclovir
2940,Valium
2941,Valproic acid
2942,Valsartan
2943,Valtrex
2944,Valturna
2945,Vanatab DX
2946,Vanatrip
2947,Vancocin
2948,Vancocin HCl
2949,Vancomycin
2950,Vandazole
2951,Vaniqa
2952,Vanquish
2953,Vantin
2954,Vaprisol
2955,Vardenafil
2956,Varenicline
2957,Varubi
2958,Vascepa
2959,Vasculera
2960,Vasodilan
2961,Vectibix
2962,Vectical
2963,Vedolizumab
2964,Velcade
2965,Velivet
2966,Veltin
2967,Vemurafenib
2968,Venlafaxine
2969,Venofer
2970,Ventolin
2971,Ventolin HFA
2972,Veramyst
2973,Verapamil
2974,Verdeso
2975,Verelan
2976,Verelan PM
2977,Versed
2978,Vesanoid
2979,Vestura
2980,Viagra
2981,Viberzi
2982,Vibramycin
2983,Vicks Dayquil Cold & Flu Relief
2984,Vicks Nyquil D Cold and Flu Nighttime Relief
2985,Vicks Sinex 12-Hour Decongestant Nasal Spray
2986,Vicks Sinex Nasal Spray (old formulation)
2987,Vicodin
2988,Vicodin ES
2989,Vicodin HP
2990,Vicoprofen
2991,Victoza
2992,Victrelis
2993,Vidaza
2994,Viekira Pak
2995,Vienva
2996,Vigamox
2997,Viibryd
2998,Vilazodone
2999,Vimovo
3000,Vimpat
3001,Vincasar PFS
3002,Vincristine
3003,Viorele
3004,Viramune
3005,Viread
3006,VisRx Dose Pack
3007,Visine Original
3008,Visine Totality Multi-Symptom Relief
3009,Vistaril
3010,Vitafol-OB+DHA
3011,Vitamin B12
3012,Vitamin B2
3013,Vitamin B6
3014,Vitamin C
3015,Vitamin D2
3016,Vitamin D3
3017,Vitamin e
3018,Vitapap
3019,Vivactil
3020,Vivaglobin
3021,Vivarin
3022,Vivelle
3023,Vivelle-Dot
3024,Vivitrol
3025,Voltaren
3026,Voltaren Gel
3027,Voltaren-XR
3028,Vontrol
3029,Vortioxetine
3030,Votrient
3031,Vraylar
3032,Vusion
3033,Vytorin
3034,Vyvanse
3035,WP Thyroid
3036,Wal-finate
3037,Warfarin
3038,Welchol
3039,Wellbutrin
3040,Wellbutrin SR
3041,Wellbutrin XL
3042,Wera
3043,Westcort
3044,Westhroid
3045,X-Viate
3046,Xalatan
3047,Xalkori
3048,Xanax
3049,Xanax XR
3050,Xarelto
3051,Xartemis XR
3052,Xeljanz
3053,Xeljanz XR
3054,Xeloda
3055,Xenical
3056,Xerac AC
3057,Xiaflex
3058,Xifaxan
3059,Xigduo XR
3060,Xiidra
3061,Xodol
3062,Xolair
3063,Xolegel
3064,Xopenex
3065,Xopenex HFA
3066,Xtampza ER
3067,Xulane
3068,Xylocaine Jelly
3069,Xylometazoline
3070,Xyrem
3071,Xyzal
3072,Yasmin
3073,Yaz
3074,Yohimbine
3075,Yuvafem
3076,Zaditor
3077,Zafirlukast
3078,Zaleplon
3079,Zanaflex
3080,Zanamivir
3081,Zantac
3082,Zantac 150
3083,Zarah
3084,Zarontin
3085,Zeasorb-AF Drying Gel
3086,Zecuity
3087,Zegerid
3088,Zegerid OTC
3089,Zelapar
3090,Zelboraf
3091,Zelnorm
3092,Zemaira
3093,Zenatane
3094,Zenchent
3095,Zenpep
3096,Zenzedi
3097,Zepatier
3098,Zestoretic
3099,Zestril
3100,Zetia
3101,Zetran
3102,Ziac
3103,Ziana
3104,Zicam Extreme Congestion Relief
3105,Ziconotide
3106,Zinc gluconate
3107,Zinc oxide
3108,Zinc sulfate
3109,Zioptan
3110,Ziprasidone
3111,Zipsor
3112,Zithromax
3113,Zocor
3114,Zofran
3115,Zofran ODT
3116,Zohydro ER
3117,Zoladex
3118,Zoledronic acid
3119,Zolmitriptan
3120,Zoloft
3121,Zolpidem
3122,Zolpimist
3123,Zometa
3124,Zomig
3125,Zomig-ZMT
3126,Zonegran
3127,Zonisamide
3128,Zorvolex
3129,Zostavax
3130,Zoster vaccine live
3131,Zostrix
3132,Zosyn
3133,Zovia
3134,Zovia 1 / 35
3135,Zovirax
3136,Zovirax Cream
3137,Zovirax Ointment
3138,Zubsolv
3139,Zurampic
3140,Zutripro
3141,Zyban
3142,Zyclara
3143,Zylet
3144,Zyloprim
3145,Zymar
3146,Zymine
3147,Zyprexa
3148,Zyprexa Intramuscular
3149,Zyprexa Zydis
3150,Zyrtec
3151,Zyrtec-D
3152,Zyrtec-D 12 Hour
3153,Zytiga
3154,Zyvox
3155,ella
3156,femhrt